,X,Y,sigmaX,sigmaY
0,0.0,0.0,0.0,0.0
1,-6.626685829715707,6.192105410624361,0.8904036758988664,1.0462665357652186
2,6.50982812193059,6.991381156126814,1.223553311349014,1.1380462951554426
3,-6.168907900750945,-6.565437795309703,1.1642629918870786,1.0704697031552663
4,6.7940730920450205,-6.2716214256947245,1.0295486385135573,1.3045130943125902
5,-0.5321345305515774,13.822763606556313,1.588518973669083,1.2094374909414372
6,-13.385616916833376,-0.38726346727119193,1.588518973668577,1.2322019178468555
7,14.311203125244775,0.5086635206209956,1.588518973666123,1.4251982528029243
8,0.39648134020838827,-13.762583528448427,1.2860873768514614,1.5525583187167413
