,X,Y,sigmaX,sigmaY,Z,u,v,h,k,l,n,d_hkl,lambda_exp,lambda_the,lambda_error
0,0.0,0.0,0.0,0.0,1e-308,0.0,0.0,0,0,2,4,271.55,0.0,543.1,100.0
1,-6.626685829715707,6.192105410624361,0.8904036758988664,1.0462665357652186,3.500190165402799,-1.8932359433542703,1.7690768552604565,-4,4,2,36,90.51666666666667,65.18076110110006,60.34444444444444,8.014518488289553
2,6.50982812193059,6.991381156126814,1.223553311349014,1.1380462951554426,3.829579626558555,1.6998806022426631,1.8256262665596033,4,4,2,36,90.51666666666667,67.36194410361337,60.34444444444444,11.629073270580067
3,-6.168907900750945,-6.565437795309703,1.1642629918870786,1.0704697031552663,3.4595838766296385,-1.7831358107613673,-1.8977536112539113,-4,-4,2,36,90.51666666666667,64.89924818810702,60.34444444444444,7.548008413360935
4,6.7940730920450205,-6.2716214256947245,1.0295486385135573,1.3045130943125902,3.619569174070204,1.877039162759,-1.7326983196296506,4,-4,2,36,90.51666666666667,65.99185035587149,60.34444444444444,9.358617787303158
5,-0.5321345305515774,13.822763606556313,1.588518973669083,1.2094374909414372,7.069035147932148,-0.07527682624512608,1.9553960784308426,0,4,2,20,121.44085185801357,110.52369277406359,108.61999999999999,1.7526171736914016
6,-13.385616916833376,-0.3872634672711919,1.588518973668577,1.2322019178468555,6.71301029848599,-1.9939812873298113,-0.05768849592835167,-4,0,2,20,121.44085185801357,108.84566050313998,108.61999999999999,0.20775225846068074
7,14.311203125244775,0.5086635206209956,1.588518973666123,1.4251982528029243,7.466232377625872,1.9167904776351847,0.06812854126337031,4,0,2,20,121.44085185801357,112.287377061761,108.61999999999999,3.3763368272519023
8,0.3964813402083882,-13.762583528448427,1.2860873768514614,1.552558318716741,7.01663606094499,0.056505900657328766,-1.9614218849188687,0,-4,2,20,121.44085185801357,110.28270834457413,108.61999999999999,1.530757083938632
